Location,Name,Version,Size,MD5,InitLevel,PackageId,ContainCode,ContainRes,InjectClassVerifier,CreateBy,ManifestVersion,NativeLibs,PackageNames,ExportPackages,Components,RequiredBundles
libandroid-phone-mobilesdk-quinox.so,android-phone-mobilesdk-quinox,2.6.2.190307125153,-1,null,2147483647,127,false,false,false,Android-Gradle-Plugin,2.1.3.4.9.34,,,,com.alipay.mobile.quinox.activity.StubActivity|com.alipay.mobile.quinox.classloader.DexOptServiceInToolsProcess|com.alipay.mobile.quinox.preload.PreloadReceiver|android.support.multidex.MultiDexPreloadReceiver,android-phone-thirdparty-androidsupport@13.23|android-phone-thirdparty-wire@1.5.3.2
libandroid-phone-thirdparty-androidsupportpalette.so,android-phone-thirdparty-androidsupportpalette,7.22,-1,null,11110000,127,false,false,false,Alipay Android Sdk,1.0,,,android.support.v7.graphics,,android-phone-thirdparty-androidsupport@13.23
libandroid-phone-thirdparty-fastjson.so,android-phone-thirdparty-fastjson,1.1.70.190213120120,-1,null,11110000,127,false,false,false,Android-Gradle-Plugin,2.1.3.4.9.34,,,com.alibaba.fastjson,,
libandroid-phone-wallet-spmtracker.so,android-phone-wallet-spmtracker,1.0.0.190308114531,-1,null,2147483647,127,false,false,false,Android-Gradle-Plugin,2.1.3.4.9.34,,,,,android-phone-mobilesdk-framework@2.4.0.170417171844|android-phone-thirdparty-androidsupport@13.23.2.1.1|android-phone-mobilesdk-commonbizservice@1.4.0|android-phone-mobilesdk-logging@2.0.2.180420194854|android-phone-mobilesdk-commonservice@1.4.0
libandroid-phone-thirdparty-utdid.so,android-phone-thirdparty-utdid,2.1.1.190214145225,-1,null,11110000,127,false,false,false,Android-Gradle-Plugin,2.1.3.4.9.34,,,,,android-tools-androidannotations@1.0.1|android-phone-thirdparty-androidannotations@2.7.1|android-phone-mobilesdk-aspect@1.3.0
libandroid-phone-mobilesdk-aspect.so,android-phone-mobilesdk-aspect,1.4.1.190122140049,-1,null,2147483647,127,false,false,false,Android-Gradle-Plugin,3.0.0.5.68,,,,,android-phone-mobilesdk-logging@2.0.2.171205002348
libcom-mpaas-mps-adapter-mpaasmpsadapter.so,com-mpaas-mps-adapter-mpaasmpsadapter,1.0.0.190321184633,-1,null,11110000,127,false,false,false,Android-Gradle-Plugin,3.0.0.5.68,,,,,android-phone-mobilesdk-framework@2.5.7.180320154023|android-phone-thirdparty-androidsupport@13.23|android-phone-mobilesdk-logging@2.0.2.170621004742|com-mpaas-mpaasadapter-mpaasadapter@1.0.0.190305144029|android-phone-thirdparty-fastjson@1.1.45|android-phone-rome-pushsdk@1.7.0.180716174035
libandroid-phone-rome-syncmpaasapi.so,android-phone-rome-syncmpaasapi,1.3.5.160714203203,-1,null,2147483647,127,false,false,false,Alipay Android Sdk,1.0,,,,,android-phone-mobilesdk-logging@1.3.0
libandroid-phone-wallet-nebulaappproxy.so,android-phone-wallet-nebulaappproxy,1.6.2.190211164419,-1,null,11,127,false,false,false,Android-Gradle-Plugin,2.1.3.3.9.14,,,,,android-tools-androidannotations@2.7.1|android-phone-thirdparty-androidsupport@13.22|android-phone-mobilesdk-commonbizservice@1.2.0|android-phone-wallet-nebulaappcenter@1.7.1|android-phone-mobilesdk-common@1.3.0|android-phone-thirdparty-androidannotations@2.7.1|android-phone-mobilesdk-framework@2.6.2.180703161313|android-phone-wallet-scanexport@1.3.3.180612105417|android-phone-mobilesdk-rpc@1.4.0|android-phone-mobilesdk-transport@1.7.8.171222174519|android-phone-thirdparty-fastjson@1.1.45|android-phone-mobilesdk-commonservice@1.4.0|android-phone-wallet-nebula@1.6.2.180710144509
libcom-mpaas-mpaasadapter-mpaasadapter.so,com-mpaas-mpaasadapter-mpaasadapter,1.0.0.190326160009,-1,null,11110000,127,false,false,false,Android-Gradle-Plugin,3.0.0.5.68,,,,,android-phone-mobilesdk-quinox@2.3.6.170605114217|android-phone-thirdparty-androidsupport@13.23.2.1|android-phone-thirdparty-utdid@1.0.3|android-phone-securitycommon-aliupgrade@1.0.0.180626112120|android-phone-mobilesdk-commonbizservice@1.7.0.170613203916|android-phone-mobilesdk-logging@2.0.2.170621004742|com-mpaas-android-res-base-mpaas@1.0.0.180627105739|android-phone-rome-syncmpaasapi@1.3.5.160714203203|com-mpaas-ocr-ocr@1.0.0.190215095915|android-phone-mobilesdk-common@1.8.2.170509174053|android-phone-mobilecommon-lbs@1.9.0.171219202112|android-phone-mobilesdk-framework@2.5.0.170621123127|android-phone-sync-syncservice@2.0.0.180731121835|android-phone-mobilesdk-monitor@1.9.5|android-phone-rome-pushsdk@1.7.0.180716174035|android-phone-mobilecommon-dynamicrelease@2.4.2.180326164409
libandroid-phone-thirdparty-wire.so,android-phone-thirdparty-wire,1.5.3.190214191738,-1,null,11110000,127,false,false,false,Android-Gradle-Plugin,2.1.3.4.9.34,,,com.squareup.wire|okio,,
libandroid-phone-mobilesdk-monitor.so,android-phone-mobilesdk-monitor,2.1.4.190212113917,-1,null,2147483647,127,false,false,false,Android-Gradle-Plugin,2.1.3.3.9.14,,,,com.alipay.android.phone.mobilesdk.apm.service.APMInnerService|com.alipay.mobile.logmonitor.TraceStubReceiver|com.alipay.mobile.logmonitor.ClientMonitorExtReceiver,android-phone-mobilesdk-logging@2.0.2.180511141350
libandroid-phone-sync-syncservice.so,android-phone-sync-syncservice,2.0.0.190318195559,430063897,f328da73fcbfdda2c71e53d32812935e,10,38,false,true,false,Android-Gradle-Plugin,2.1.3.4.9.34,,,,com.alipay.mobile.rome.syncsdk.service.LongLinkService,android-tools-androidannotations@2.7.1|android-phone-mobilesdk-framework@1.3.0|android-phone-thirdparty-androidsupport@13.22|android-phone-thirdparty-utdid@1.1.5|android-phone-thirdparty-securityguard@6.1.999|android-phone-mobilesdk-logging@1.9.4|android-phone-thirdparty-fastjson@1.1.45|com-mpaas-mpaasadapter-mpaasadapter@1.0.0.190317174522|android-phone-thirdparty-wire@1.5.3
libmobileapi-mobileapp.so,mobileapi-mobileapp,1.0.0.20170307,-1,null,11110000,127,false,false,false,Alipay Android Sdk,1.0,,,com.alipay.mobileapp|com.alipay.mobileapi.mobileapp,,android-phone-mobilesdk-aspect@1.3.0
libandroid-phone-mobilesdk-transport.so,android-phone-mobilesdk-transport,1.8.5.190318200635,-1,null,1,127,false,false,false,Android-Gradle-Plugin,3.0.0.5.68,,,,,android-tools-androidannotations@1.0.1|android-phone-thirdparty-androidsupport@13.23|android-phone-thirdparty-androidannotations@2.7.1|android-phone-mobilesdk-netsdkextdependapi@1.0.1.180408163657|android-phone-thirdparty-securityguard@4.1.56|android-phone-mobilesdk-monitor@1.9.5.4|android-phone-mobilesdk-storage@1.3.0|android-phone-mobilesdk-logging@2.0.2.170927122326|android-phone-thirdparty-fastjson@1.1.45|com-mpaas-mpaasadapter-mpaasadapter@1.0.0.190317174522|android-phone-thirdparty-wire@1.5.3.2
libandroid-phone-mobilecommon-dynamicrelease.so,android-phone-mobilecommon-dynamicrelease,2.5.7.190318195559,3677165049,35688ba248e684fd2eef2ba2deddf66e,3,44,false,true,false,Android-Gradle-Plugin,2.1.3.4.9.34,,com.alipay.android.phone.mobilecommon.dynamicrelease,,com.alipay.android.phone.mobilecommon.dynamicrelease.page.BundleDownloadPage|com.alipay.android.phone.mobilecommon.dynamicrelease.DynamicReleaseRequestService|com.alipay.android.phone.mobilecommon.dynamicrelease.DynamicReleaseProcessService|com.alipay.android.phone.mobilecommon.dynamicrelease.SyncConfigReceiver,android-phone-wallet-syncservice@1.1.5|android-phone-mobilesdk-quinox@2.5.8.180710175258|android-phone-thirdparty-androidsupport@13.23.2.1|android-phone-mobilesdk-commonbizservice@1.7.0.170824202721|android-phone-mobilesdk-logging@2.0.2.180711173123|com-mpaas-mpaasadapter-mpaasadapter@1.0.0.190317174522|android-phone-wallet-antui@10.1.5.171120115948|android-phone-mobilesdk-common@1.3.0|android-phone-mobilecommon-lbs@1.9.0.170512235042|android-phone-mobilesdk-framework@2.5.5.171114171449|android-phone-mobilesdk-rpc@1.7.3.170605184245|android-phone-mobilesdk-transport@1.6.9|android-phone-thirdparty-fastjson@1.1.45|android-phone-thirdparty-wire@1.5.3
libandroid-phone-mobilesdk-rpc.so,android-phone-mobilesdk-rpc,1.8.5.190214181723,-1,null,2147483647,127,false,false,false,Android-Gradle-Plugin,2.1.3.4.9.34,,,,,android-tools-androidannotations@1.0.1|android-phone-mobilesdk-common@1.6.0|android-phone-thirdparty-androidannotations@2.7.1|android-phone-mobilesdk-netsdkextdependapi@1.0.1.171219163741|android-phone-thirdparty-securityguard@1.5.32|android-phone-mobilesdk-transport@1.8.5.180823220430|android-phone-mobilesdk-logging@1.3.0|android-phone-thirdparty-fastjson@1.1.45|android-phone-thirdparty-wire@1.5.3.2
libandroid-phone-scancode-bqcscanservice.so,android-phone-scancode-bqcscanservice,2.0.0.190212154052,-1,null,11110000,127,false,false,false,Android-Gradle-Plugin,2.1.3.3.9.14,,,com.alipay.mobile.bqcscanservice,,android-phone-thirdparty-androidsupport@13.23|android-phone-mobilesdk-framework@1.3.0|android-phone-mobilesdk-commonbizservice@1.8.6|android-phone-mobilesdk-logging@1.9.5
libandroid-phone-mobilesdk-crypto.so,android-phone-mobilesdk-crypto,1.0.1.190214192446,-1,null,11110000,127,false,false,false,Android-Gradle-Plugin,2.1.3.4.9.34,,,,,
libandroid-phone-mobilesdk-commonbizservice.so,android-phone-mobilesdk-commonbizservice,1.7.0.180823184328,-1,null,9,127,false,false,false,Android-Gradle-Plugin,2.1.3.4.9.34,,,,,android-phone-mobilesdk-quinox@1.6.0|android-tools-androidannotations@1.0.1|android-phone-thirdparty-androidsupport@13.22|mobileapi-mobileapp@1.0.0.20160623|android-phone-mobilesdk-logging@2.0.2.170621004742|android-phone-mobilesdk-common@1.6.0|android-phone-mobilesdk-framework@2.0.0|android-phone-thirdparty-androidannotations@2.7.1|com-google-android-tools-dx@1.10|android-phone-mobilesdk-aspect@1.4.1.180613155211|android-phone-mobilesdk-rpc@1.4.0|mobileapi-mobileappcommon@1.0.0.20180323|android-phone-mobilesdk-storage@1.3.0|android-phone-thirdparty-fastjson@1.1.45|android-phone-thirdparty-wire@1.5.3|android-phone-mobilesdk-commonservice@1.9.0.180319220933|android-phone-mobilesdk-forerunner@1.0.0.170527171907
libandroid-phone-mobilecommon-cloudfix.so,android-phone-mobilecommon-cloudfix,2.4.6.190202150132,-1,null,2147483647,127,false,false,false,Android-Gradle-Plugin,3.0.0.5.68,,,,,android-phone-mobilesdk-quinox@2.3.2|android-phone-mobilesdk-framework@2.0.0|android-phone-mobilesdk-logging@2.0.2.180711173123|android-phone-mobilecommon-dynamicrelease@2.4.4.180524232948
libandroid-phone-mobilesdk-netsdkextdependapi.so,android-phone-mobilesdk-netsdkextdependapi,1.0.1.190214194844,-1,null,1,127,false,false,false,Android-Gradle-Plugin,2.1.3.4.9.34,,,,,android-tools-androidannotations@1.0.1|android-phone-mobilecommon-lbs@1.9.0.180324142935|android-phone-thirdparty-androidsupport@13.23|android-phone-thirdparty-androidannotations@2.7.1|android-phone-thirdparty-securityguard@4.1.56|android-phone-mobilesdk-monitor@1.8.2|android-phone-mobilesdk-storage@1.3.0|android-phone-mobilesdk-logging@2.0.2.170927122326|android-phone-thirdparty-fastjson@1.1.45|android-phone-thirdparty-wire@1.5.3.2
libandroid-phone-mobilecommon-multimedia.so,android-phone-mobilecommon-multimedia,1.19.0.190213143659,-1,null,2147483647,127,false,false,false,Android-Gradle-Plugin,3.0.0.5.68,,,,,android-tools-androidannotations@2.7.1|android-phone-mobilesdk-framework@1.3.0|android-phone-thirdparty-androidsupport@13.23|android-phone-thirdparty-androidsupportrecyclerview@7.23.2.170810160536|android-phone-mobilesdk-storage@1.3.0|android-phone-thirdparty-fastjson@1.1.45
libandroid-phone-wallet-apble.so,android-phone-wallet-apble,1.0.0.190122171648,-1,null,11110000,127,false,false,false,Android-Gradle-Plugin,2.1.3.3.9.14,,,,org.altbeacon.beacon.service.ScanJob,android-tools-androidannotations@1.0.1|android-phone-mobilesdk-framework@1.3.0|android-phone-thirdparty-androidannotations@2.7.1|android-phone-thirdparty-androidsupport@13.23|android-phone-mobilesdk-commonbizservice@1.8.12|android-phone-mobilesdk-monitor@1.9.2|android-phone-mobilesdk-logging@1.9.5|android-phone-thirdparty-fastjson@1.1.45|android-phone-wallet-nebula@1.7.175|android-phone-mobilesdk-commonservice@1.4.0
libandroid-phone-wallet-nebulaappcenter.so,android-phone-wallet-nebulaappcenter,1.6.2.190211161445,-1,null,12,127,false,false,false,Android-Gradle-Plugin,2.1.3.3.9.14,,,,,android-tools-androidannotations@2.7.1|android-phone-mobilesdk-framework@1.3.0|android-phone-thirdparty-androidsupport@13.22|android-phone-thirdparty-androidannotations@2.7.1|android-phone-mobilesdk-storage@1.7.0|android-phone-thirdparty-fastjson@1.1.45|android-phone-wallet-nebula@1.6.2.180810203042
libcom-mpaas-hotpatch-adapter-mpaashotpatchadapter.so,com-mpaas-hotpatch-adapter-mpaashotpatchadapter,1.0.0.190318123822,-1,null,11110000,127,false,false,false,Android-Gradle-Plugin,3.0.0.5.68,,,,,android-phone-mobilesdk-framework@2.5.7.180320154023|android-phone-thirdparty-androidsupport@13.23|android-phone-mobilesdk-logging@2.0.2.170621004742|android-phone-thirdparty-fastjson@1.1.45|android-phone-mobilecommon-dynamicrelease@2.5.7.190122165305
libandroid-phone-mobilecommon-multimediabiz.so,android-phone-mobilecommon-multimediabiz,1.19.0.190212221409,-1,null,11110000,127,false,false,false,Android-Gradle-Plugin,3.0.0.5.68,,,,com.alipay.android.phone.mobilecommon.multimediabiz.biz.live.LiveDownloadActivity|com.alipay.android.phone.mobilecommon.multimediabiz.biz.live.ToyMDownloadActivity,android-phone-wallet-syncservice@1.3.3.170313120657|android-phone-thirdparty-androidsupport@13.23|multimedia-base-basic@1.19.0.180814100203|android-phone-mobilesdk-commonbizservice@1.8.6|android-phone-thirdparty-securityguard@2.7.43|android-phone-wallet-accountauth@1.3.3.150925212342.20151015|android-phone-mobilesdk-logging@1.9.7|android-phone-wallet-antui@10.0.15.170519214004|android-phone-mobilecommon-multimedia@1.19.0.180807171741|android-phone-mobilesdk-nbnet@1.1.6.180706115803|android-phone-mobilecommon-falconlooks@1.6.66|android-phone-businesscommon-commonbiz@1.3.3.180626151600|android-phone-mobilesdk-common@1.8.2.170630105840|android-phone-mobilesdk-framework@2.6.1.180627145210|android-phone-thirdparty-androidannotations@2.7.1|android-phone-wallet-beehive@10.0.20.170831110447|android-phone-thirdparty-androidsupportrecyclerview@7.23.2.170810160536|android-phone-mobilesdk-storage@1.7.0|android-phone-mobilesdk-transport@1.8.2.180515160846|android-phone-thirdparty-fastjson@1.1.45|android-phone-thirdparty-wire@1.5.3|android-phone-mobilecommon-dynamicrelease@2.3.7.170925172738|android-phone-mobilesdk-commonservice@1.4.0
libandroid-phone-mobilesdk-liteprocess.so,android-phone-mobilesdk-liteprocess,1.0.0.190213105051,-1,null,11110000,260,false,false,false,Android-Gradle-Plugin,2.1.3.4.9.34,,,com.alipay.mobile.liteprocess,com.alipay.mobile.liteprocess.LiteProcessActivity$LiteProcessActivity1|com.alipay.mobile.liteprocess.LiteProcessActivity$LiteProcessActivity5|com.alipay.mobile.liteprocess.LiteProcessActivity$LiteProcessActivity4|com.alipay.mobile.liteprocess.LiteProcessActivity$LiteProcessActivity3|com.alipay.mobile.liteprocess.LiteProcessActivity$LiteProcessActivity2|com.alipay.mobile.liteprocess.LiteProcessService$LiteProcessService5|com.alipay.mobile.liteprocess.LiteProcessService$LiteProcessService4|com.alipay.mobile.liteprocess.LiteProcessService$LiteProcessService3|com.alipay.mobile.liteprocess.LiteProcessService$LiteProcessService2|com.alipay.mobile.liteprocess.ipc.IpcMsgServer|com.alipay.mobile.liteprocess.LiteProcessService$LiteProcessService1|com.alipay.mobile.liteprocess.ipc.IpcCallServer,android-phone-mobilesdk-quinox@2.6.0.180301140757|android-phone-thirdparty-androidsupport@13.23.2.1|android-phone-mobilesdk-commonbizservice@1.7.0|android-phone-mobilesdk-ipc@1.6.9.170505224316|android-phone-mobilesdk-logging@2.0.2.170927122326|android-phone-mobilesdk-common@1.6.0|android-phone-mobilesdk-framework@2.4.0.170316180332|android-phone-wallet-scanexport@1.3.3.180419142642|android-phone-mobilesdk-rpc@1.7.4.170707120137|android-phone-mobilesdk-monitor@2.1.4.180816162714|android-phone-mobilesdk-transport@1.6.3|android-phone-thirdparty-fastjson@1.1.45|android-phone-thirdparty-wire@1.5.3.2|android-phone-wallet-nebula@1.6.2.171211205025|android-phone-mobilesdk-commonservice@1.9.0.170308192834|merged-bundles-res-58@1.0.0
libandroid-phone-mpaas-tinyappcustom.so,android-phone-mpaas-tinyappcustom,1.0.0.190212173550,-1,null,10,127,false,false,false,Android-Gradle-Plugin,2.1.3.4.9.34,,,,,android-phone-mobilecommon-map@1.8.0.170405165402|android-phone-wallet-tinyappcommon@1.0.0.180104154554|android-tools-androidannotations@2.7.1|android-phone-mobilecommon-lbs@1.9.0.170613120142|android-phone-mobilesdk-framework@2.5.1.170626103025|android-phone-thirdparty-androidannotations@2.7.1|android-phone-thirdparty-androidsupport@13.23|android-phone-mobilesdk-commonbizservice@1.7.0.171020173544|android-phone-mobilesdk-logging@2.0.2.170728165224|android-phone-thirdparty-fastjson@1.1.45|android-phone-wallet-antui@2.0.20|android-phone-wallet-nebula@1.6.2.171226105056
libmultimedia-base-basic.so,multimedia-base-basic,1.19.0.190212205749,-1,null,2147483647,127,false,false,false,Android-Gradle-Plugin,3.0.0.5.68,,,com.alipay.alipaylogger|com.alipay.multimedia.io|com.alipay|tv.danmaku,,android-tools-androidannotations@2.7.1|android-phone-thirdparty-androidannotations@2.7.1|android-phone-mobilesdk-logging@1.9.7|android-phone-mobilecommon-multimedia@1.19.0.170630194254
libandroid-phone-mobilesdk-commonservice.so,android-phone-mobilesdk-commonservice,1.9.0.180822012434,-1,null,2147483647,127,false,false,false,Android-Gradle-Plugin,2.1.3.4.9.34,,,,,android-phone-mobilesdk-common@1.8.1.170316172116|android-phone-mobilesdk-quinox@2.4.0.1|android-phone-mobilesdk-framework@2.6.1.180627145210|android-phone-thirdparty-androidsupport@13.23|com-google-android-tools-dx@1.10|android-phone-mobilesdk-aspect@1.4.1.180613155211|android-phone-mobilesdk-rpc@1.7.3.170526204403|android-phone-mobilesdk-logging@2.0.0.170317102655|android-phone-mobilesdk-transport@1.6.3|android-phone-thirdparty-wire@1.5.3
libandroid-phone-mobilecommon-map.so,android-phone-mobilecommon-map,1.8.0.190212200622,-1,null,10,127,false,false,false,Android-Gradle-Plugin,2.1.3.4.9.34,,,,,android-phone-thirdparty-mobilesecuritysdk@2.1.2|android-tools-androidannotations@1.0.1|android-phone-mobilesdk-common@1.3.0|android-phone-mobilecommon-lbs@1.9.0|android-phone-mobilesdk-framework@2.0.0|android-phone-thirdparty-androidannotations@2.7.1|mobileapi-mobilelbs@1.0.0.20160923|android-phone-mobilesdk-rpc@1.3.0|android-phone-mobilesdk-commonbizservice@1.5.0|android-phone-mobilesdk-logging@1.3.0|android-phone-thirdparty-wire@1.5.3|android-phone-mobilesdk-commonservice@1.3.0
libandroid-phone-mobilesdk-autotracker.so,android-phone-mobilesdk-autotracker,2.1.1,-1,null,2147483647,127,false,false,false,Android-Gradle-Plugin,2.1.3.4.9.34,,,,,android-phone-thirdparty-androidsupport@13.23.2.1.1|android-phone-thirdparty-androidsupportrecyclerview@7.22|android-phone-mobilesdk-logging@2.0.2.180420194854
libandroid-phone-mobilesdk-tianyanadapter.so,android-phone-mobilesdk-tianyanadapter,1.0.4.190221174536,-1,null,2147483647,127,false,false,false,Android-Gradle-Plugin,2.1.3.4.9.34,,com.alipay.android.phone.mobilesdk.tianyanadapter,,,android-phone-mobilesdk-quinox@2.3.4.170413001836|android-phone-thirdparty-androidsupport@13.23.2.190221172354|android-phone-mobilesdk-commonbizservice@1.7.0.171218154056|android-phone-mobilesdk-logging@2.0.2.180816185631|android-phone-mobilesdk-amnet@1.8.1.180309141503|thirdparty-amap-amap@3.6.0.20171220.2|android-phone-wallet-pushsdk@1.3.660824112525.180308210314|android-phone-wallet-spmtracker@1.0.0.180622111441|android-phone-mobilesdk-common@1.4.0|android-phone-businesscommon-commonbiz@1.3.3.180706171053|android-phone-mobilecommon-lbs@1.9.0.180410135423|android-phone-mobilesdk-framework@2.6.2.180723174902|android-phone-thirdparty-androidsupportrecyclerview@7.22|android-phone-mobilesdk-rpc@1.7.7.171101104256|android-phone-mobilesdk-autotracker@1.0.0.190220221310|android-phone-mobilesdk-monitor@2.1.4.180816162714|android-phone-mobilesdk-storage@1.7.0|android-phone-mobilesdk-transport@1.7.6.171018174424|android-phone-thirdparty-fastjson@1.1.45|android-phone-thirdparty-wire@1.5.3.2|mobileapi-loggw@1.0.5.20170704|android-phone-mobilesdk-commonservice@1.9.0.171018180106|android-phone-mobilesdk-forerunner@1.0.0.170614181126
libcom-mpaas-mpaasadapter-commonbiz.so,com-mpaas-mpaasadapter-commonbiz,1.0.0.190213113557,2428247646,a9854e81a36afa628eb8fa01fe7547e7,11110000,34,false,true,false,Android-Gradle-Plugin,2.1.3.4.9.34,,,,com.alipay.mobile.h5plugin.H5MapActivity,android-phone-mobilesdk-quinox@2.5.6.180416172110|android-phone-thirdparty-androidsupport@13.23|android-phone-mobilesdk-commonbizservice@1.7.0.170824202721|android-phone-mobilecommon-adaptermap@1.0.0.180324142935|android-phone-mobilesdk-logging@2.0.2.171208194210|thirdparty-amap-amap@3.3.0|android-phone-wallet-antui@2.0.20|android-phone-mobilecommon-map@1.8.0.170405165402|android-phone-mobilecommon-lbs@1.9.0.170613120142|android-phone-mobilesdk-framework@2.5.7.180427112231|android-phone-thirdparty-androidannotations@2.7.1|android-phone-mobilesdk-rpc@1.7.7.171116151231|android-phone-mobilesdk-storage@1.7.0|android-phone-mobilesdk-transport@1.7.7.171122160400|android-phone-thirdparty-fastjson@1.1.45|android-phone-mobilesdk-liteprocess@1.0.0.170327154142|android-phone-mobilesdk-commonservice@1.9.0.180319210924|android-phone-wallet-nebula@1.6.2.171218170937
libandroid-phone-wallet-nebula.so,android-phone-wallet-nebula,1.6.2.190202112405,944864343,e8dbe0040aaded9ab8f32578b3c6ed8c,10,76,false,true,false,Android-Gradle-Plugin,2.1.3.3.9.14,,,,com.alipay.mobile.nebula.appcenter.apphandler.loadingview.H5LoadingActivity|com.alipay.mobile.nebulacore.ui.H5Activity$H5Activity5|com.alipay.mobile.nebulacore.ui.H5FileChooserActivity|com.alipay.mobile.nebulacore.ui.H5NebulaAppActivity|com.alipay.mobile.nebulacore.ui.H5TransActivity$H5TransActivity5|com.alipay.mobile.nebulacore.ui.H5TransActivity|com.alipay.mobile.nebulacore.ui.H5TransActivity$H5TransActivity1|com.alipay.mobile.nebulacore.ui.H5NetworkCheckActivity|com.alipay.mobile.nebulacore.ui.H5TransActivity$H5TransActivity2|com.alipay.mobile.nebulacore.ui.H5TransActivity$H5TransActivity3|com.alipay.mobile.nebulacore.ui.H5TransActivity$H5TransActivity4|com.alipay.mobile.nebulacore.dev.ui.H5BugMeSettingsActivity|com.alipay.mobile.nebulacore.wallet.H5DevAppActivity|com.alipay.mobile.nebulacore.ui.H5Activity$H5Activity2|com.alipay.mobile.nebulacore.ui.H5Activity$H5Activity1|com.alipay.mobile.nebulacore.ui.H5Activity$H5Activity4|com.alipay.mobile.nebulacore.ui.H5Activity|com.alipay.mobile.nebulacore.ui.H5Activity$H5Activity3|com.alipay.mobile.nebulacore.SandboxedPrivilegedProcessService0|com.alipay.mobile.nebulacore.SandboxedProcessService0,android-phone-wallet-h5worker@1.0.0.180706144938|android-tools-androidannotations@2.7.1|android-phone-mobilesdk-framework@2.6.2.180709200619|android-phone-thirdparty-androidsupport@13.22|android-phone-thirdparty-androidannotations@2.7.1|android-phone-mobilesdk-autotracker@1.0.0.170308150055|android-phone-mobilesdk-commonbizservice@1.7.0.180704223003|android-phone-mobilesdk-monitor@2.1.4.180205140017|android-phone-mobilesdk-logging@2.0.2.170815183658|android-phone-thirdparty-fastjson@1.1.45|android-phone-mobilesdk-commonservice@1.9.0.170504143539|mobileapi-mobileappconfig@1.0.0.20170801
libcom-mpaas-plus-plus.so,com-mpaas-plus-plus,10.1.32.190320143204,-1,null,11110000,27,false,false,false,Android-Gradle-Plugin,3.0.0.5.68,,,,,android-phone-thirdparty-fastjson@1.1.45
libandroid-phone-thirdparty-androidsupportrecyclerview.so,android-phone-thirdparty-androidsupportrecyclerview,7.23.2.1,3179567498,8e8b75e9901eada4ca55d94e2280d6c8,11110000,28,false,true,false,Android-Gradle-Plugin,2.1.3.3.9.14,,,android.support.v7,,android-phone-thirdparty-androidsupport@13.23.2.170810143200
libandroid-phone-mobilesdk-common.so,android-phone-mobilesdk-common,1.8.2.190212210930,-1,null,1,127,false,false,false,Android-Gradle-Plugin,2.1.3.4.9.34,,,,com.alipay.mobile.common.fgbg.FgBgMonitorService,android-phone-mobilesdk-quinox@2.5.5.180320160452|android-phone-mobilecommon-lbs@1.7.0|android-phone-thirdparty-androidsupport@13.23|android-phone-mobilesdk-framework@2.6.1.180627145210|android-phone-thirdparty-utdid@1.1.5.3|android-phone-mobilesdk-storage@1.3.0|android-phone-mobilesdk-logging@2.0.2.180130205335|android-phone-mobilesdk-transport@1.6.0|android-phone-thirdparty-fastjson@1.1.45|android-phone-mobilesdk-liteprocess@1.0.0.170724224513
liblopez-example-com-launcher-mpaastest.so,lopez-example-com-launcher-mpaastest,1.0,2925072671,9c3c26ee12ea0aef41f9dff4d333c454,11110000,36,false,true,false,Android-Gradle-Plugin,3.0.0.7.2,,,,lopez.example.com.launcher.MainActivity,com-mpaas-framework-adapter-mpaasadapter@1.0.0.1812031248|android-phone-mobilesdk-quinox@2.6.2.190307125153|multimedia-xmedia@1.0.0.190213143723|android-phone-wallet-nebulauc@1.6.0.190202115038|android-phone-securitycommon-aliupgrade@1.0.0.190318195559|android-phone-mobilesdk-commonbizservice@1.7.0.180823184328|android-phone-thirdparty-securityguard@5.4.2008.190214160440|com-mpaas-mpaasadapter-mpaasadapter@1.0.0.190326160009|android-phone-mobilecommon-multimedia@1.19.0.190213143659|com-mpaas-configservice-adapter-mpaasconfigserviceadapter@1.0.0.190313170150|android-phone-mobilesdk-nbnet@1.1.6.190214193243|android-phone-wallet-spmtracker@1.0.0.190308114531|android-phone-mobilesdk-framework@2.6.2.190214155336|android-phone-thirdparty-androidannotations@9.6.6.190117113007|android-phone-wallet-beehive@10.1.32.190212222800|android-phone-mobilesdk-autotracker@1.0.0.190220221310|android-phone-mobilesdk-storage@1.7.0.190122163121|android-phone-thirdparty-wire@1.5.3.190214191738|android-phone-mobilecommon-dynamicrelease@2.5.7.190318195559|android-phone-wallet-nebula@1.6.2.190202112405|android-phone-mobilesdk-commonservice@1.9.0.180822012434|android-phone-mobilesdk-forerunner@1.0.0.190213131451|android-phone-wallet-tinyappcommon@1.0.0.190313132106|android-phone-mobilecommon-multimediaext@1.11.0.190213143714|android-phone-mobilesdk-netsdkextdepend@1.0.2.190214194158|android-phone-scancode-bqcscanservice@2.0.0.190212154052|android-phone-mobilesdk-transportext@1.8.4.190214184717|android-phone-mobilesdk-logging@2.0.2.190318195559|com-mpaas-mas-adapter-mpaasmasadapter@1.0.0.190306161806|android-phone-wallet-antui@10.1.32.190214141929|android-phone-wallet-nebulaappproxy@1.6.2.190211164419|android-phone-mobilecommon-falconlooks@1.0.0.190213151253|com-mpaas-hotpatch-adapter-mpaashotpatchadapter@1.0.0.190318123822|android-phone-wallet-scanexport@1.0.0.180402112323|com-mpaas-mps-adapter-mpaasmpsadapter@1.0.0.190321184633|android-phone-mobilesdk-aspect@1.4.1.190122140049|android-phone-mobilesdk-netsdkextdependapi@1.0.1.190214194844|android-phone-wallet-apble@1.0.0.190122171648|android-phone-mpaas-tinyappcustom@1.0.0.190212173550|android-phone-thirdparty-utdid@2.1.1.190214145225|com-mpaas-nebula-adapter-mpaasnebulaadapter@10.1.32.190321150220|com-mpaas-framework-adapter-mpaasframeworkadapter@1.0.0.190305192450|android-phone-mobilecommon-falcon@1.0.0.190213151241|android-phone-mobilecommon-map@1.8.0.190212200622|android-phone-thirdparty-xiaomipush@2.2.21.190215170006|android-phone-sync-syncservice@2.0.0.190318195559|android-phone-mobilesdk-rpc@1.8.5.190214181723|com-mpaas-plus-plus@10.1.32.190320143204|android-phone-rome-pushsdk@1.7.0.190321095259|android-phone-thirdparty-androidsupport@13.23.2.190221172354|android-phone-wallet-nebulaucsdk@1.0.0.190211154705|android-phone-scancode-mascanengine@2.0.0.190212154115|android-phone-mobilecommon-adaptermap@1.0.0.190212164857|android-phone-mobilesdk-crypto@1.0.1.190214192446|com-mpaas-mss-adapter-mpaasmssadapter@1.0.0.190305192450|android-phone-mobilecommon-lbs@1.9.0.190307124849|android-phone-thirdparty-androidsupportrecyclerview@7.23.2.190212105901|android-phone-thirdparty-amap3dmap@3.3.3.190212200602|android-phone-mobilesdk-monitor@2.1.4.190212113917|android-phone-mobilesdk-transport@1.8.5.190318200635|android-phone-thirdparty-fastjson@1.1.70.190213120120|com-mpaas-mpaasadapter-commonbiz@1.0.0.190213113557|android-phone-mobilesdk-liteprocess@1.0.0.190213105051|mpaas-mpush-thirdparty-huawei-huawei@1.0.0.190214200124
libandroid-phone-mobilecommon-ui.so,android-phone-mobilecommon-ui,10.1.25.190214120934,4187185823,e4367e6748397306281cf5ae8be25c65,2147483647,37,false,true,false,Android-Gradle-Plugin,2.1.3.4.9.34,,,com.alipay.android.common|com.alipay.android.commonui,,android-tools-androidannotations@1.0.1|android-phone-thirdparty-androidannotations@2.7.1|android-phone-thirdparty-androidsupport@13.22|android-phone-mobilesdk-logging@2.0.2.170705182953|android-phone-wallet-antui@10.1.20.180315155134|android-phone-thirdparty-nineoldandroids@2.4.0
libandroid-phone-wallet-antui.so,android-phone-wallet-antui,10.1.32.190214141929,3840862139,8554895748e0848b5c275116ff55b456,2147483647,47,false,true,false,Android-Gradle-Plugin,2.1.3.4.9.34,,,com.alipay.mobile.antui,,android-phone-thirdparty-androidsupport@13.22|android-phone-thirdparty-androidsupportrecyclerview@7.23.2.170810160536|android-phone-thirdparty-fastjson@1.1.45
libandroid-phone-wallet-nebulauc.so,android-phone-wallet-nebulauc,1.6.0.190202115038,3740917131,00e489f07f1f2b1f444ebd9b093f0c85,11110000,60,false,true,false,Android-Gradle-Plugin,2.1.3.3.9.14,,,com.alipay.mobile.nebulauc.impl|com.uc.webview.export,,android-tools-androidannotations@2.7.1|android-phone-thirdparty-androidsupport@13.22|multimedia-xmedia@1.0.0.180615185349|android-phone-wallet-nebulaucsdk@1.0.0.180802131439|android-phone-mobilesdk-commonbizservice@1.2.0|android-phone-wallet-accountauth@1.3.3.150925212342.20151015|android-phone-mobilesdk-logging@1.8.5|android-phone-businesscommon-commonbiz@1.3.3.180328160729|android-phone-mobilesdk-common@1.8.2.180112120253|android-phone-mobilesdk-framework@2.5.3.170921165934|android-phone-thirdparty-androidannotations@2.7.1|android-phone-mobilesdk-storage@1.3.0|android-phone-mobilesdk-transport@1.8.4.180710204720|android-phone-thirdparty-fastjson@1.1.45|android-phone-mobilesdk-commonservice@1.4.0|android-phone-wallet-nebula@1.6.2.180807023256
libandroid-phone-mobilecommon-multimediaext.so,android-phone-mobilecommon-multimediaext,1.11.0.190213143714,1046412510,24f9a24a37793de266930bbc31991d4f,2147483647,325,false,true,false,Android-Gradle-Plugin,3.0.0.5.68,,,,,android-phone-mobilecommon-falconlooks@1.6.31|android-phone-mobilesdk-framework@1.3.0|multimedia-base-basic@1.19.0.180327215704|android-phone-mobilesdk-logging@1.4.0
libandroid-phone-mobilesdk-netsdkextdepend.so,android-phone-mobilesdk-netsdkextdepend,1.0.2.190214194158,-1,null,1,127,false,false,false,Android-Gradle-Plugin,2.1.3.4.9.34,,,,,android-phone-mobilesdk-common@1.9.2|android-tools-androidannotations@1.0.1|android-phone-mobilecommon-lbs@1.9.0.180324142935|android-phone-thirdparty-androidsupport@13.23|android-phone-thirdparty-androidannotations@2.7.1|android-phone-mobilesdk-netsdkextdependapi@1.0.1.180408163233|android-phone-thirdparty-securityguard@4.1.56|android-phone-mobilesdk-storage@1.7.0.171218202204|android-phone-mobilesdk-monitor@1.8.2|android-phone-mobilesdk-logging@2.0.2.170927122326|android-phone-thirdparty-fastjson@1.1.45|android-phone-thirdparty-wire@1.5.3.2
libandroid-phone-mobilecommon-falconlooks.so,android-phone-mobilecommon-falconlooks,1.0.0.190213151253,3704740118,2a8b8bea734d62b052ce287c933aa0d8,2147483647,110,false,true,false,Android-Gradle-Plugin,2.1.3.4.9.34,,,,,android-tools-androidannotations@1.0.1|android-phone-mobilesdk-framework@1.3.0|android-phone-thirdparty-androidannotations@2.7.1|android-phone-mobilesdk-commonbizservice@1.7.0|android-phone-mobilesdk-logging@2.0.2.170908145616|android-phone-mobilecommon-falcon@1.6.34|android-phone-thirdparty-fastjson@1.1.45|android-phone-mobilesdk-commonservice@1.4.0
libcom-mpaas-configservice-adapter-mpaasconfigserviceadapter.so,com-mpaas-configservice-adapter-mpaasconfigserviceadapter,1.0.0.190313170150,-1,null,11110000,127,false,false,false,Android-Gradle-Plugin,3.0.0.5.68,,,,,android-phone-mobilesdk-framework@2.5.7.180320154023|android-phone-thirdparty-androidsupport@13.23|android-phone-mobilesdk-commonbizservice@1.7.0.180507114202|android-phone-mobilesdk-logging@2.0.2.170621004742|android-phone-thirdparty-fastjson@1.1.45
libandroid-phone-wallet-beehive.so,android-phone-wallet-beehive,10.1.32.190212222800,2039935239,31fc97f3b706a7c618c72aadf4910e62,2147483647,56,false,true,false,Android-Gradle-Plugin,2.1.3.4.9.34,,,com.alipay.mobile.beehive,com.alipay.mobile.beehive.capture.activity.LandscapeRecordPreview|com.alipay.mobile.beehive.cityselect.ui.SelectAreaActivity_|com.alipay.mobile.beehive.compositeui.multilevel.MultilevelSelectActivity_|com.alipay.mobile.beehive.photo.ui.VideoPreviewEditActivity|com.alipay.mobile.beehive.template.ui.DemoActivity|com.alipay.mobile.beehive.photo.ui.VideoPreviewActivity|com.alipay.mobile.beehive.capture.activity.LandscapeCaptureForCarInsuranceActivity|com.alipay.mobile.beehive.cityselect.ui.ProvinceCityListActivity_|com.alipay.mobile.beehive.capture.activity.PortraitCaptureExtendActivity|com.alipay.mobile.beehive.cityselect.ui.SelectCityTinyActivity_|com.alipay.mobile.beehive.poiselect.ui.LocationDetailActivity|com.alipay.mobile.beehive.photo.ui.PhotoSelectActivity|com.alipay.mobile.beehive.capture.activity.RecordPreviewActivity|com.alipay.mobile.beehive.cityselect.ui.SelectAreaSubActivity_|com.alipay.mobile.beehive.imageedit.activity.DoodleActivity|com.alipay.mobile.beehive.video.activity.BeeVideoPlayerActivity|com.alipay.mobile.beehive.video.activity.YoukuPlayerTestActivity|com.alipay.mobile.beehive.capture.activity.PortraitCaptureActivity|com.alipay.mobile.beehive.poiselect.ui.PoiSelectActivity_|com.alipay.mobile.beehive.audio.activity.GeneralAudioPlayActivity|com.alipay.mobile.beehive.photo.ui.PhotoPreviewActivity|com.alipay.mobile.beehive.capture.activity.PortraitRecordPreview|com.alipay.mobile.beehive.cityselect.ui.SelectCityActivity_|com.alipay.mobile.beehive.capture.activity.LandscapeCaptureActivity|com.alipay.mobile.beehive.photo.ui.PhotoEditActivity|com.alipay.mobile.beehive.photo.ui.RemotePhotoGridActivity|com.alipay.mobile.beehive.capture.activity.CaptureActivity|com.alipay.mobile.beehive.photo.ui.BrowsePhotoAsListActivity,multimedia-youku-youkuplayer@1.0.0.180802151917|android-tools-androidannotations@2.7.1|android-thirdparty-inimage@1.0.10|android-phone-wallet-lottie@1.0.0.171204181007|multimedia-apxmmusic@1.19.0.180813230741|android-phone-thirdparty-utdid@2.1.1.171212154524|android-phone-mobilesdk-commonbizservice@1.4.0|android-phone-thirdparty-securityguard@6.4.70.180530120159|mobileapi-mobilesearch@1.0.0.20160606|android-phone-mobilecommon-falcon@1.6.32|multimedia-apwidget@1.0.3|android-phone-mobilecommon-multimedia@1.19.0.180810173021|android-phone-mobilecommon-map@1.8.39|android-phone-mobilesdk-framework@2.6.2.180719001815|android-phone-thirdparty-androidannotations@2.7.1|android-phone-mobilesdk-rpc@1.6.2|android-phone-mobilesdk-storage@1.4.0|android-phone-thirdparty-wire@1.5.3.2|android-phone-mobilecommon-dynamicrelease@2.4.5.180719232539|android-phone-mobilesdk-commonservice@1.4.0|android-phone-wallet-nebula@1.6.2.171010150509|android-phone-mobilesdk-mtop@2.1.0.180525140201|android-phone-thirdparty-androidsupport@13.23|android-phone-mobilecommon-multimediaext@1.8.2|android-phone-mobilecommon-adaptermap@1.0.0.180313120336|android-phone-mobilesdk-logging@2.0.2.170526122759|android-phone-wallet-antui@10.1.32.180719212840|android-phone-mobilesdk-permission@1.0.0.170407102208|android-phone-mobilecommon-falconimg@1.0.19|android-phone-rome-syncmpaasapi@1.3.0|com-taobao-android-ut@6.5.3|android-phone-businesscommon-commonbiz@1.3.43|android-phone-mobilesdk-common@1.4.0|android-phone-mobilecommon-falconlooks@1.6.65|android-phone-mobilecommon-lbs@1.9.0.170512235042|android-phone-mobilecommon-multimediabiz@1.19.0.180718195531|com-taobao-android-orange@1.4.5|mobileapi-mobilebeehive@1.0.0.20170830|android-phone-mobilecommon-ui@10.0.20.170714094103|android-phone-thirdparty-androidsupportrecyclerview@7.23.2.170810160536|android-phone-mobilesdk-monitor@1.9.2|android-phone-mobilesdk-transport@1.8.4.180713170325|android-phone-thirdparty-fastjson@1.1.70.180403104807|mobileapi-mrp@1.0.0.201606252
libandroid-phone-thirdparty-securityguard.so,android-phone-thirdparty-securityguard,5.4.2008.190214160440,371772004,b26f227d436b8679a126ac2c71b896fc,11110000,127,false,true,false,Android-Gradle-Plugin,2.1.3.4.9.34,,,,,
libcom-mpaas-mss-adapter-mpaasmssadapter.so,com-mpaas-mss-adapter-mpaasmssadapter,1.0.0.190305192450,-1,null,11110000,127,false,false,false,Android-Gradle-Plugin,3.0.0.5.68,,,,,android-phone-mobilesdk-framework@2.5.7.180320154023|android-phone-thirdparty-androidsupport@13.23|android-phone-sync-syncservice@2.0.0.180731121835|android-phone-mobilesdk-logging@2.0.2.170621004742|com-mpaas-mas-adapter-mpaasmasadapter@1.0.0.190301182201|android-phone-thirdparty-fastjson@1.1.45
libandroid-phone-wallet-nebulaucsdk.so,android-phone-wallet-nebulaucsdk,1.0.0.190211154705,-1,null,11110000,127,false,false,false,Android-Gradle-Plugin,2.1.3.3.9.14,,,com.alipay.mobile.nebulaucsdk|com.uc.webview.export,,
libandroid-phone-thirdparty-androidsupport.so,android-phone-thirdparty-androidsupport,13.23.2.190221172354,-1,null,11110000,127,false,false,false,Android-Gradle-Plugin,2.1.3.4.9.34,,,,,
libandroid-phone-securitycommon-aliupgrade.so,android-phone-securitycommon-aliupgrade,1.0.0.190318195559,1237990141,e65c05817fc3a994585b8b2dd0c861d0,2147483647,77,false,true,false,Android-Gradle-Plugin,2.1.3.4.9.34,,,,com.alipay.mobile.android.security.upgrade.download.normal.UpgradeExternalDownloadIntentService,android-phone-wallet-syncservice@1.3.3.151002152015.20151015|android-tools-androidannotations@1.0.1|android-phone-thirdparty-androidsupport@13.23|android-phone-mobilesdk-commonbizservice@1.3.0|android-phone-mobilesdk-transportext@1.2.0|android-phone-mobilesdk-logging@1.5.0|com-mpaas-mpaasadapter-mpaasadapter@1.0.0.190317174522|android-phone-mobilesdk-common@1.3.0|android-phone-mobilesdk-framework@1.3.0|android-phone-thirdparty-androidannotations@2.7.1|android-phone-mobilecommon-ui@2.0.2|android-phone-mobilesdk-rpc@1.3.0|android-phone-mobilesdk-monitor@1.9.4|android-phone-mobilesdk-storage@1.3.0|android-phone-thirdparty-fastjson@1.1.45|android-phone-mobilesdk-commonservice@1.9.6
libandroid-phone-mobilesdk-forerunner.so,android-phone-mobilesdk-forerunner,1.0.0.190213131451,-1,null,11110000,127,false,false,false,Android-Gradle-Plugin,2.1.3.4.9.34,,,,,android-phone-wallet-syncservice@1.1.5|android-tools-androidannotations@1.0.1|android-phone-thirdparty-androidsupport@13.23|android-phone-mobilesdk-commonbizservice@1.8.7|android-phone-wallet-accountauth@1.3.2.1509011552.20151015|android-phone-mobilesdk-logging@2.0.0.170405141436|android-phone-wallet-antui@10.0.8.170310170849|mobileapi-pushcore@1.0.0.20170217|android-phone-mobilecommon-multimedia@1.4.1|mobileapi-couriercore@1.0.0.20160324|android-phone-businesscommon-commonbiz@1.3.3.170412210222|android-phone-mobilesdk-common@1.6.0|android-phone-thirdparty-androidannotations@2.7.1|android-phone-mobilesdk-framework@2.0.5|android-phone-mobilecommon-ui@1.4.0|android-phone-mobilesdk-rpc@1.6.0|android-phone-mobilesdk-storage@1.7.0|android-phone-wallet-personalbase@10.0.2.201701111514|android-phone-thirdparty-fastjson@1.1.45|android-phone-thirdparty-wire@1.5.3|android-phone-mobilesdk-commonservice@1.6.0
libmobileapi-mobileappcommon.so,mobileapi-mobileappcommon,1.0.0.20180518,-1,null,11110000,127,false,false,false,Alipay Android Sdk,1.0,,,com.alipay.mobileappcommon|com.alipay.mobileapi.mobileappcommon,,android-phone-mobilesdk-aspect@1.3.0
libandroid-phone-mobilesdk-logging.so,android-phone-mobilesdk-logging,2.0.2.190318195559,-1,null,2147483647,127,false,false,false,Android-Gradle-Plugin,2.1.3.4.9.34,,,,com.alipay.mobile.common.logging.process.LogServiceInMainProcess|com.alipay.mobile.common.logging.process.LogServiceInPushProcess|com.alipay.mobile.common.logging.process.LogServiceInlite5|com.alipay.mobile.common.logging.process.LogServiceInlite4|com.alipay.mobile.common.logging.process.LogServiceInlite1|com.alipay.mobile.common.logging.process.LogServiceInlite3|com.alipay.mobile.common.logging.process.LogServiceInlite2,android-phone-thirdparty-androidsupport@13.23|com-mpaas-mpaasadapter-mpaasadapter@1.0.0.190317174522
libandroid-phone-wallet-basicstl.so,android-phone-wallet-basicstl,1.0.0.190214150143,-1,null,1,127,false,false,false,Android-Gradle-Plugin,2.1.3.4.9.34,,,,,android-tools-androidannotations@2.7.1
libcom-mpaas-mas-adapter-mpaasmasadapter.so,com-mpaas-mas-adapter-mpaasmasadapter,1.0.0.190306161806,-1,null,11110000,127,false,false,false,Android-Gradle-Plugin,3.0.0.5.68,,,,,android-phone-mobilesdk-common@1.8.2.170509174053|android-phone-mobilesdk-framework@2.6.2.180827164210|android-phone-thirdparty-androidsupport@13.23.2.1.1|android-phone-mobilesdk-autotracker@1.0.0.190220221310|android-phone-mobilesdk-logging@2.0.2.190220223048|android-phone-thirdparty-fastjson@1.1.45
libandroid-phone-mobilecommon-falcon.so,android-phone-mobilecommon-falcon,1.0.0.190213151241,2258079437,1b323c7689c24805e2b26d2ea19901f5,2147483647,69,false,true,false,Android-Gradle-Plugin,2.1.3.4.9.34,,,,,android-phone-mobilesdk-common@1.8.2.170630105840|android-tools-androidannotations@1.0.1|android-phone-mobilesdk-framework@1.3.0|android-phone-thirdparty-androidannotations@2.7.1|android-phone-mobilesdk-commonbizservice@1.7.0|android-phone-mobilesdk-logging@1.3.0|android-phone-thirdparty-fastjson@1.1.45|android-phone-mobilesdk-commonservice@1.4.0
libandroid-phone-wallet-scanexport.so,android-phone-wallet-scanexport,1.0.0.190402132006,2804450945,8f794eb1bed19d0e873ff81e68991b39,2147483647,72,false,true,false,Android-Gradle-Plugin,2.1.3.4.9.34,,,,com.alipay.mobile.scansdk.activity.ToolsCaptureActivity,android-tools-androidannotations@2.7.1|android-phone-thirdparty-androidsupport@13.23|android-phone-scancode-bqcscanservice@2.0.0.180427161252|android-phone-scancode-mascanengine@2.0.0.180427161458|android-phone-mobilesdk-commonbizservice@1.8.6|mobileapi-mobileapp@1.0.0.20160229|android-phone-mobilesdk-logging@1.9.5|android-phone-mobilesdk-common@1.3.0|android-phone-businesscommon-commonbiz@1.3.42|android-phone-mobilesdk-framework@1.3.0|android-phone-thirdparty-androidannotations@2.7.1|android-phone-wallet-beehive@1.4.2|android-phone-mobilesdk-rpc@1.6.0|android-phone-mobilesdk-monitor@1.9.2.1|android-phone-mobilesdk-commonservice@1.4.0
libmpaas-mpush-thirdparty-huawei-huawei.so,mpaas-mpush-thirdparty-huawei-huawei,1.0.0.190214200124,1394946314,1ed687c97f43b12e9b30eae3c8051691,11110000,127,false,true,false,Android-Gradle-Plugin,2.1.3.4.9.34,,,,com.huawei.hms.activity.BridgeActivity,android-tools-androidannotations@1.0.1|android-phone-thirdparty-androidsupport@13.23|android-phone-thirdparty-androidannotations@2.7.1|android-phone-thirdparty-xiaomipush@2.2.21|android-phone-mobilesdk-rpc@1.7.3.170612110614|android-phone-mobilesdk-logging@2.0.2.171023152737|android-phone-thirdparty-fastjson@1.1.45
libandroid-phone-thirdparty-androidannotations.so,android-phone-thirdparty-androidannotations,9.6.6.190117113007,-1,null,11110000,127,false,false,false,Android-Gradle-Plugin,2.1.3.3.9.14,,,,,android-tools-androidannotations@1.0.1|android-phone-thirdparty-androidannotations@2.7.1|android-phone-mobilesdk-aspect@1.3.0
libandroid-phone-mobilecommon-adaptermap.so,android-phone-mobilecommon-adaptermap,1.0.0.190212164857,-1,null,11110000,127,false,false,false,Android-Gradle-Plugin,2.1.3.4.9.34,,,com.alipay.mobile.apmap,,android-phone-thirdparty-androidsupport@13.23|android-phone-mobilesdk-framework@2.0.0|android-phone-thirdparty-amap3dmap@3.3.3.180731143501|android-phone-mobilesdk-logging@2.0.2.170710214642|android-phone-mobilecommon-dynamicrelease@2.3.9.180104190327
libandroid-phone-mobilesdk-framework.so,android-phone-mobilesdk-framework,2.6.2.190214155336,128133582,dd90866a5d1cc15494a5581706f0a612,1,30,false,true,false,Android-Gradle-Plugin,2.1.3.4.9.34,,,com.alipay.mobile.aspect|com.alipay.mobile.framework,com.alipay.mobile.core.loading.impl.LoadingPage,android-phone-mobilesdk-quinox@2.6.2.180827151501|android-phone-thirdparty-androidsupport@13.23.2.1
libcom-mpaas-nebula-adapter-mpaasnebulaadapter.so,com-mpaas-nebula-adapter-mpaasnebulaadapter,10.1.32.190321150220,2582891844,225df04bada523041fefd7f95f288ddc,2147483647,41,false,true,false,Android-Gradle-Plugin,3.0.0.5.68,,,,,android-phone-mobilesdk-mtop@2.1.0.170527165829|android-phone-thirdparty-androidsupport@13.23|android-phone-wallet-nebulaappcenter@1.7.1|android-phone-mobilesdk-commonbizservice@1.7.0.171128210600|android-phone-mobilesdk-logging@2.0.2.170815183658|android-phone-wallet-antui@10.1.10.171204180756|android-phone-mobilecommon-multimedia@1.19.0.170808161103|android-phone-mobilesdk-common@1.8.2.170509174053|android-phone-businesscommon-commonbiz@1.3.3.171024155741|android-phone-mobilesdk-framework@2.5.3.170921165934|android-phone-wallet-beehive@9.6.3|android-phone-wallet-scanexport@1.0.0.180402112323|android-phone-mobilesdk-rpc@1.8.5.180827222410|android-phone-mobilesdk-monitor@1.9.5.1|android-phone-mobilesdk-storage@1.7.0|android-phone-mobilesdk-transport@1.7.4.170712205950|android-phone-thirdparty-fastjson@1.1.45|android-phone-mobilecommon-dynamicrelease@2.3.2|android-phone-thirdparty-wire@1.5.3.370506012228|android-phone-mobilesdk-commonservice@1.9.0.170504143539|android-phone-wallet-nebula@1.6.2.180821110323
libandroid-phone-thirdparty-nineoldandroids.so,android-phone-thirdparty-nineoldandroids,2.4.0.151028164451,-1,null,11110000,127,false,false,false,Alipay Android Sdk,1.0,,,com.nineoldandroids,,android-phone-mobilesdk-aspect@1.3.0
libandroid-phone-scancode-mascanengine.so,android-phone-scancode-mascanengine,2.0.0.190212154115,-1,null,11110000,127,false,false,false,Android-Gradle-Plugin,2.1.3.3.9.14,,,com.alipay.mobile.mascanengine,,android-phone-mobilesdk-common@1.4.0|android-phone-mobilesdk-framework@1.3.0|android-phone-scancode-bqcscanservice@2.0.0.180129214658|android-phone-mobilesdk-logging@1.9.5
libandroid-phone-mobilecommon-lbs.so,android-phone-mobilecommon-lbs,1.9.0.190307124849,-1,null,1,127,false,false,false,Android-Gradle-Plugin,2.1.3.4.9.34,,,,com.amap.api.location.APSService,android-phone-thirdparty-androidsupport@13.23|mobileapi-mobilelbs@1.0.0.2017062201|android-phone-mobilesdk-commonbizservice@1.5.0|android-phone-mobilesdk-logging@2.0.2.170710214642|android-phone-thirdparty-mobilesecuritysdk@2.1.2|android-phone-mobilesdk-common@1.9.1|android-phone-mobilesdk-framework@2.0.0|android-phone-mobilesdk-rpc@1.3.0|android-phone-mobilesdk-monitor@2.1.4.170827151352|android-phone-mobilesdk-transport@1.7.5.170810211430|android-phone-thirdparty-wire@1.5.3|android-phone-mobilesdk-commonservice@1.3.0
libandroid-phone-thirdparty-xiaomipush.so,android-phone-thirdparty-xiaomipush,2.2.21.190215170006,-1,null,11110000,127,false,false,false,Android-Gradle-Plugin,3.0.0.5.68,,,,,android-tools-androidannotations@1.0.1|android-phone-thirdparty-androidannotations@2.7.1
libcom-mpaas-framework-adapter-mpaasframeworkadapter.so,com-mpaas-framework-adapter-mpaasframeworkadapter,1.0.0.190305192450,-1,null,11110000,127,false,false,false,Android-Gradle-Plugin,3.0.0.5.68,,,,,android-phone-mobilesdk-framework@2.5.7.180320154023|android-phone-thirdparty-androidsupport@13.23|android-phone-mobilesdk-logging@2.0.2.170621004742|android-phone-thirdparty-fastjson@1.1.45
libandroid-phone-rome-pushsdk.so,android-phone-rome-pushsdk,1.7.0.190321095259,732057055,f45b170a16494b838b276ada603dee22,2147483647,127,false,true,false,Android-Gradle-Plugin,2.1.3.4.9.34,,,,,android-tools-androidannotations@1.0.1|android-phone-thirdparty-androidsupport@13.22|android-phone-thirdparty-androidannotations@2.7.1|android-phone-mobilesdk-framework@2.1.1|android-phone-thirdparty-xiaomipush@2.2.21|android-phone-mobilesdk-rpc@1.7.3.170612110614|android-phone-mobilesdk-logging@2.0.2.171023152737|android-phone-mobilesdk-transport@1.6.3.4|android-phone-thirdparty-wire@1.5.3.370506012228|mpaas-mpush-thirdparty-huawei-huawei@1.0.0.180928150831|android-phone-mobilesdk-commonservice@1.9.0.170613221028
libandroid-phone-thirdparty-amap3dmap.so,android-phone-thirdparty-amap3dmap,3.3.3.190212200602,155980627,6a06e70266990b3f14e05fa6fc71b3d9,11110000,98,false,true,false,Android-Gradle-Plugin,2.1.3.4.9.34,,,com.autonavi.amap.mapcore|com.amap.api.maps|com.amap.api.maps2d,,android-phone-thirdparty-androidsupport@13.23
libmultimedia-xmedia.so,multimedia-xmedia,1.0.0.190213143723,2162699030,71003d722bffb5b96df662ba199e2cfa,11110000,127,false,true,false,Android-Gradle-Plugin,3.0.0.5.68,,,com.ant.phone.xmedia,,com-alibaba-fastjson@1.2.47|android-phone-thirdparty-androidsupport@13.23|multimedia-base-basic@1.19.0.180813200601|android-phone-mobilecommon-falconarkit@1.0.0.180614215736|android-phone-mobilesdk-commonbizservice@1.7.0|org-greenrobot-eventbus@3.0.0|android-phone-mobilesdk-logging@1.9.7|android-phone-mobilesdk-common@1.8.2.170630105840|android-phone-businesscommon-commonbiz@1.3.45|com-android-support-support@23.0.1|android-phone-thirdparty-androidannotations@2.7.1|android-phone-wallet-beehive@10.0.20.170831110447|android-phone-mobilesdk-framework@2.5.0.170525194539|android-phone-thirdparty-fastjson@1.1.66.171117210532|android-phone-mobilecommon-xnn@1.0.0.180801150309|android-phone-mobilecommon-dynamicrelease@2.3.7.171009205248|android-phone-wallet-nebula@1.6.2.170417145317|android-phone-mobilesdk-commonservice@1.4.0
libandroid-phone-mobilesdk-storage.so,android-phone-mobilesdk-storage,1.7.0.190122163121,-1,null,2147483647,127,false,false,false,Android-Gradle-Plugin,2.1.3.3.9.14,,,,,android-phone-mobilesdk-common@1.8.2.170630105840|android-phone-thirdparty-androidsupport@13.22|android-phone-mobilesdk-aspect@1.3.0|android-phone-thirdparty-securityguard@6.4.70.180402195710|android-phone-mobilesdk-logging@1.4.0
libandroid-phone-mobilecommon-mapbiz.so,android-phone-mobilecommon-mapbiz,1.8.0.190212200634,500625669,aa46a17d5d465b5060d3b012a52c24a5,11110000,103,false,true,false,Android-Gradle-Plugin,2.1.3.4.9.34,,,,com.alipay.android.mapassist.ui.MapAssistActivity|com.alipay.android.mapassist.ui.MapMainActivity|com.alipay.android.mapassist.ui.RouteDetailActivity,android-tools-androidannotations@1.0.1|android-phone-thirdparty-androidsupport@13.23|mobileapi-mobilelbs@1.0.0.20161020|android-phone-mobilecommon-adaptermap@1.0.0.171219172658|android-phone-mobilesdk-commonbizservice@1.3.0|android-phone-mobilesdk-logging@1.3.0|android-phone-wallet-antui@2.0.4|android-phone-mobilecommon-multimedia@1.3.0|android-phone-mobilecommon-map@1.8.0.170405165402|android-phone-mobilesdk-common@1.6.0|android-phone-mobilecommon-lbs@1.9.0.171020173148|android-phone-thirdparty-androidannotations@2.7.1|android-phone-mobilesdk-framework@2.0.0|android-phone-mobilecommon-ui@1.3.0|android-phone-mobilesdk-rpc@1.3.0|android-phone-mobilesdk-storage@1.3.0|android-phone-thirdparty-fastjson@1.1.45|android-phone-thirdparty-wire@1.5.3|android-phone-mobilesdk-commonservice@1.3.0
libandroid-phone-wallet-tinyappcommon.so,android-phone-wallet-tinyappcommon,1.0.0.190313132106,-1,null,10,58,false,false,false,Android-Gradle-Plugin,2.1.3.4.9.34,,,,,android-phone-wallet-syncservice@1.1.6|android-phone-thirdparty-androidsupport@13.23|android-phone-mobilesdk-commonbizservice@1.7.0.171020173544|android-phone-mobilesdk-logging@2.0.2.170912001505|android-phone-wallet-antui@10.1.10.171204180756|android-phone-mobilecommon-multimedia@1.19.0.170808161103|android-phone-wallet-h5worker@1.0.0.180807214323|android-phone-mobilesdk-socketcraft@1.0.0.170412215352|android-phone-businesscommon-commonbiz@1.3.3.180425161010|android-phone-thirdparty-androidannotations@2.7.1|android-phone-mobilesdk-framework@2.6.2.180709200619|android-phone-mobilecommon-ui@2.0.0.170420112906|android-phone-thirdparty-androidsupportrecyclerview@7.23.2.170810160536|android-phone-mobilesdk-storage@1.7.0.170714211921|android-phone-mobilesdk-transport@1.7.1.170420170300|android-phone-thirdparty-fastjson@1.1.45|android-phone-wallet-nebula@1.6.2.180810203042|merged-bundles-res-58@1.0.0
libandroid-phone-mobilesdk-nbnet.so,android-phone-mobilesdk-nbnet,1.1.6.190214193243,-1,null,2147483647,127,false,false,false,Android-Gradle-Plugin,2.1.3.4.9.34,,,,,android-phone-mobilesdk-common@1.9.2|android-phone-thirdparty-androidsupport@13.23|android-phone-mobilesdk-framework@2.0.5|android-phone-thirdparty-securityguard@2.7.43|android-phone-mobilesdk-storage@1.3.0|android-phone-mobilesdk-monitor@1.9.5.4|android-phone-mobilesdk-logging@2.0.2.2|android-phone-mobilesdk-transport@1.7.7.171107114302|android-phone-thirdparty-wire@1.5.3
libandroid-phone-mobilesdk-transportext.so,android-phone-mobilesdk-transportext,1.8.4.190214184717,-1,null,2147483647,127,false,false,false,Android-Gradle-Plugin,2.1.3.4.9.34,,,,,android-tools-androidannotations@1.0.1|android-phone-thirdparty-androidsupport@13.23|android-phone-mobilesdk-ipc@1.6.5|android-phone-mobilesdk-logging@1.5.0|android-phone-mobilesdk-amnet@1.8.0.180130143417|android-phone-thirdparty-mobilesecuritysdk@2.0.1|android-phone-mobilesdk-common@1.9.1|android-phone-mobilecommon-lbs@1.9.0.180324142935|android-phone-mobilecommon-cloudfix@1.4.0|android-phone-thirdparty-androidannotations@2.7.1|android-phone-mobilesdk-framework@2.0.5|android-phone-mobilesdk-netsdkextdependapi@1.0.1.180408163657|android-phone-mobilesdk-rpc@1.8.2.180813221834|android-phone-mobilesdk-monitor@1.8.2|android-phone-mobilesdk-storage@1.3.0|android-phone-mobilesdk-transport@1.8.5.180823211229|android-phone-thirdparty-fastjson@1.1.45|android-phone-thirdparty-wire@1.5.3.2|android-phone-mobilesdk-commonservice@1.5.0
